{"layer_1": {"neuron_1": 0.8481202945400418, "neuron_2": -0.8521382762427462, "neuron_3": -0.6682922701086187, "neuron_4": -0.3374702261899531, "neuron_5": -0.8797138008911821, "neuron_6": -0.8301892414310165, "neuron_7": -0.7494058437876051, "neuron_8": 0.6650793428118041, "neuron_9": -0.597525636852574, "neuron_10": 0.8958876990994197, "neuron_11": -0.9962179358608106, "neuron_12": 0.7630442971822068, "neuron_13": 0.06051320853373576, "neuron_14": -0.8701387193610087, "neuron_15": -0.9824054435409407, "neuron_16": -0.8946938266860933, "neuron_17": -0.9579419844938841, "neuron_18": -0.6659782385754939, "neuron_19": -0.9058558524387669, "neuron_20": -0.39845931208367474, "neuron_21": 0.6269524931831737, "neuron_22": 0.1503718133715143, "neuron_23": 0.9660486881579735, "neuron_24": 0.7846942734433251, "neuron_25": -0.9002348331182894, "neuron_26": -0.8727788764616411, "neuron_27": -0.7856228154972676, "neuron_28": -0.7714795245577131, "neuron_29": -0.9261816938530038, "neuron_30": 0.3931343542959363, "neuron_31": -0.5559111496772218, "neuron_32": -0.8533232128515198}, "layer_2": {"neuron_1": 0.5922131627341601, "neuron_2": -0.34881272437198846, "neuron_3": 0.2947869913029042, "neuron_4": -0.21670560819249746, "neuron_5": 0.3102293088619213, "neuron_6": -0.51657026344946, "neuron_7": 0.11978386384391562, "neuron_8": -0.24948344438944575, "neuron_9": 0.3885313101223499, "neuron_10": 0.3892948155018741, "neuron_11": -0.5940770603194073, "neuron_12": 0.5899629373276735, "neuron_13": -0.5356529834703568, "neuron_14": 0.40171109437156177, "neuron_15": -0.3410060519384338, "neuron_16": -0.5306416200714916}, "output_layer": {"neuron_1": -0.06849389271458135}}