{"layer_1": {"neuron_1": -0.8075496080679916, "neuron_2": 0.8051061079926795, "neuron_3": 0.9050924729076052, "neuron_4": -1.0523173415898195, "neuron_5": 0.6626806837452158, "neuron_6": 0.8041397271272309, "neuron_7": 0.7135312022478372, "neuron_8": 0.8242294328176507, "neuron_9": -0.5860292765740279, "neuron_10": -0.5900856985805619, "neuron_11": -0.6172818732688237, "neuron_12": -0.4598663535254474, "neuron_13": -0.8393873235285572, "neuron_14": -1.0479871943452008, "neuron_15": -0.8072221516004469, "neuron_16": -0.8337392073593403, "neuron_17": -0.7395556549671056, "neuron_18": -0.6717952798816537, "neuron_19": -0.691292237289947, "neuron_20": -0.707857782520626, "neuron_21": 0.17677558213174796, "neuron_22": -0.8862989289958856, "neuron_23": -0.6071846319084138, "neuron_24": -0.7476182037282836, "neuron_25": 0.275157417649638, "neuron_26": -0.9623102650331845, "neuron_27": -0.730304481715463, "neuron_28": -1.0210080279693143, "neuron_29": -0.8196033624963248, "neuron_30": -0.7547006950560945, "neuron_31": 0.6440227221226517, "neuron_32": -0.8423407053577723}, "layer_2": {"neuron_1": -0.5313509961674711, "neuron_2": -0.5651205175228942, "neuron_3": -0.5422113828329692, "neuron_4": -0.3892323090807523, "neuron_5": 0.5233286643286894, "neuron_6": -0.34422620213118227, "neuron_7": -0.45663889473388597, "neuron_8": 0.7073647859182247, "neuron_9": -0.51826289709945, "neuron_10": 0.45515395762676525, "neuron_11": -0.47747051146477115, "neuron_12": -0.3928694737680061, "neuron_13": -0.3561594899978575, "neuron_14": -0.36114575746015587, "neuron_15": -0.1700589547792124, "neuron_16": 0.45544871688438426}, "output_layer": {"neuron_1": -0.6599005723558194}}