{"layer_1": {"neuron_1": [-0.5892386513053364, 0.6161826304408531, 0.42883008321595306, -0.1815756879493232, 0.5700513336706954, 0.5880098191128104, 0.5621547680800952, 0.4312173823638607, -0.6504252377891252, -0.7474451956818653, -0.43785836236129533, -0.3300514511082979, -0.30875205538137346, -0.2550221200451716, -0.6426236914002105, -0.6702788439975003, -0.5126710656182509, -0.568364463818686, -0.34864678499054286, -0.6679511599031536, 0.9350902226499797, -0.2309431996981249, -0.24838549205311386, -0.6284077759618271, 0.9931375867087813, -0.2817678189408362, -0.3600906549722547, -0.4388738482103189, -0.2731174590992221, -0.6892483278304083, 0.5766971266964649, -0.44643785695002713], "neuron_2": [-0.10926693497584893, 0.03754597892328441, 0.03414162511157162, -0.1575446685490074, 0.18269639946504482, 0.25631025265894797, 0.36215417853128024, 0.21592729674407893, -0.04550656579209501, -0.18966019853595925, -0.07488169027536544, -0.2362122496530818, -0.018048611940046238, -0.1915816053227461, -0.007112221463653818, -0.01871183030240617, 0.013510951904971867, -0.21802753675584663, -0.1573767245242681, -0.2541981935717901, 0.26890259056146354, -0.03095093526215711, -0.006363461480487033, -0.09857129751359853, 0.17721659358545558, -0.007663772812872665, -0.188915466406886, -0.11048238867218933, -0.06171094385387342, 0.004246111184632961, 0.17369692227753045, 0.058171094019088244], "neuron_3": [2.4990296797538396, -2.279860941877002, -2.0503024168532336, 2.514193801205398, -2.007509809038818, -2.429374202867361, -2.0664599679549407, -2.3825220245938015, 1.901606667863256, 2.1261450954504917, 1.9158836918142874, 1.3316178826290768, 2.2984542506452423, 2.4586717914193414, 2.4944073450560516, 2.4010469774762058, 2.1558106972258337, 2.1708824071894806, 1.7577440880163253, 2.4656463623724956, -1.4405874311560805, 2.0688826047130098, 1.1747203749115709, 2.40875327745476, -1.204807423466764, 2.2834376238531826, 1.841590689215295, 2.6042183420921203, 1.8720361834261166, 2.3980529621151856, -1.9974350099512228, 2.302226949546422], "neuron_4": [1.3580003956565732, -1.205237690000864, -1.367485572129637, 1.503424205933246, -1.2015125869574876, -1.6759881433312105, -1.150435180909277, -1.7362622526786118, 1.0470526637102426, 1.2388249565802396, 0.8378932380070423, 1.1079202197759854, 1.090907106129457, 1.6652262095845374, 1.2380987844858593, 1.369191129657319, 1.186202273490866, 1.316239961077002, 1.171650008518532, 1.5542140612108708, -0.5262475706594251, 1.0552051453620472, 0.7885858976867137, 1.192164741555654, -0.406975829347226, 1.3492831615341683, 1.2789438050829465, 1.4861938870272668, 1.086736246218489, 0.95878929529361, -1.249635551397616, 1.0205658981331667], "neuron_5": [0.06591421263962187, -0.23730092707208478, -0.4101174232446525, 0.3001695922241898, -0.24528894782189112, -0.20135210166180115, -0.4014823156781418, -0.03329308777380928, 0.10040750208701818, -0.06432856094150746, -0.012446230240758499, 0.20023553219488804, -0.007727284369473983, 0.41694506883029403, 0.02909861946510976, 0.22637279782045966, -0.04303484513009543, 0.14118219647198907, 0.24095388974470094, -0.05881987884083029, 0.2364916613881173, 0.18596532978414548, 0.1044420525344642, 0.09280970529895419, 0.39318350675923597, 0.14589254397397208, 0.10852687009558097, 0.37662726841642935, 0.27460851598404784, 0.11354545205124884, -0.17879155990381454, 0.017886165307928064]}, "layer_2": {"neuron_1": [0.6093053568784311, 0.798671897852435, 0.498935737249818, 0.6037179694920259, -0.7530960100777143, 0.5540681954068007, 0.7681432664964224, -0.6267349953995898, 1.0255988114726122, -0.6361772085469777, 0.8088594443410478, 0.46676581692313585, 0.4637631659589869, 0.4356137809455942, 0.4658325756183912, -0.7343980361250033], "neuron_2": [-1.04479566765322, -1.3110217958519887, -1.0537572525010017, -0.8915712527895979, 1.3503306889103144, -0.9371315662845198, -0.7925609618192039, 1.158901306278977, -1.5686466066022038, 1.1301600410019357, -1.4945888265378415, -1.218902232423076, -1.1341656704925527, -1.0136711724172807, -1.004324670774885, 1.276687756645911], "neuron_3": [-0.8379001408263904, -1.219448345799024, -0.7985000013522381, -1.0488558993146724, 0.8713552464593548, -0.8465460572695498, -0.968153700637436, 1.244834124817467, -1.3069885157960721, 1.0795986123156924, -1.1905152713958442, -0.9756507057466244, -0.9317896059768542, -0.7963000508073749, -0.83066281152275, 1.188497346806771], "neuron_4": [0.4160205646287713, 0.7097672157087759, 0.6428656456803409, 0.5183466620868593, -0.6618192721317274, 0.7127312381093709, 0.43574329941298795, -1.0279989625776116, 1.0362482628694347, -0.9323579459346976, 0.6979405347397524, 0.6972796443772166, 0.5309959456327842, 0.6777902582657735, 0.6695638450013762, -0.765664044535282], "neuron_5": [-1.0934187323965865, -1.3198918761719238, -0.8669858048442419, -1.0333993582741217, 1.1955944135164829, -1.043584674006732, -0.8457335545623982, 1.2515765782157626, -1.3229086897700735, 1.4341712909755577, -1.470926836246583, -0.8238108094321063, -1.1349708578812694, -0.9378369458083023, -1.0030173328199439, 1.2137955840823924], "neuron_6": [-1.169870121634692, -1.4604715191624749, -1.1601998918139653, -1.2897351065369664, 1.549597922851997, -1.2091908060886214, -1.2252563638485061, 1.6578176942428753, -1.6586006872763714, 1.3732091228219532, -1.3723929805754282, -1.0969675266619021, -1.3778830166801581, -1.0562466638893953, -1.0845942555448036, 1.5090898973809972], "neuron_7": [-1.0198980424840556, -1.309248291751476, -0.7133092252519992, -0.8633430178468912, 1.1176728846394992, -0.9529555763019624, -0.8599005773030808, 1.1645089492421052, -1.2771269679006083, 1.2726515042244677, -1.1792144091641992, -0.7979649223602914, -0.915295086373482, -0.7198387415938314, -0.6383029348587488, 1.238038937704494], "neuron_8": [-1.0873131389932444, -1.4325242487261436, -1.22600721559007, -1.1513050562685172, 1.514833048851291, -1.1424263704864719, -1.2218109458932536, 1.3934303648540072, -1.6554650958782373, 1.583999887479574, -1.3803838426229522, -1.2764042833041405, -1.372984863262942, -1.0082348400296983, -1.295454591451249, 1.275228678607578], "neuron_9": [0.484694858027175, 0.5190705024959182, 0.28008478047105007, 0.14698023418819933, -0.46510930666679284, 0.3834604883053605, 0.243014093092102, -0.5486179773370718, 0.42903167899694616, -0.2960207081715542, 0.33807452810712857, 0.3763298370150988, 0.43208019429340544, 0.2247760971510974, 0.3197505186237466, -0.5333579658255981], "neuron_10": [0.19580173467275572, 0.3253518700007047, 0.19115481092361358, 0.5392828139562246, -0.5459142358062388, 0.38905953912238533, 0.5194171092317242, -0.3772236259947089, 0.4465363190838133, -0.39600073517672646, 0.5374683231590764, 0.34986402622108564, 0.19818834934113155, 0.1291281110367548, 0.24971623036429227, -0.49464999612047933], "neuron_11": [0.07328042542937444, 0.29737695004761666, 0.48399321533310924, 0.2454397997592025, -0.48623286442898883, 0.17103073401920998, 0.4834486344103022, -0.2204274060814805, 0.2317882670774964, -0.4396540634750246, 0.3863627311135626, 0.2751157569812931, 0.5308713857354048, 0.21629678774662767, 0.4056560687230685, -0.2525382450467857], "neuron_12": [0.1361044146331079, 0.22766908707497038, 0.13317176399647207, 0.2691896159084428, -0.23286257366797777, 0.2911249473325974, 0.18132323863315114, -0.3022622396624572, -0.019577625623418207, -0.16976052164409192, 0.1643474057605533, -0.060242043166822225, 0.35560642259494357, 0.1957282300897996, 0.2315401796040189, -0.028005337617282043], "neuron_13": [0.5105760586402334, 0.4465352029473284, 0.3474234748798265, 0.6335925000181987, -0.36651768359635095, 0.5751005468451574, 0.5620601373610312, -0.5117659164127839, 0.6127428854611628, -0.6067351283902346, 0.6805824373385223, 0.2279634549241069, 0.4668431291948919, 0.41833026147121544, 0.23920366688393915, -0.40027194057473403],